area_m2,rooms,floor,total_floors,distance_center,year_built,condition,price_eur
36,4,17,24,24.96,1988,0,83332.0
160,2,12,21,18.03,1961,1,329391.0
138,2,29,29,7.72,2003,2,334980.0
99,2,23,29,22.5,1989,0,169597.0
98,4,1,22,2.99,2010,1,280178.0
175,2,5,13,23.35,2000,1,374865.0
35,6,6,19,17.9,2011,0,155003.0
146,3,9,14,3.77,1989,3,422427.0
56,6,6,20,2.85,1960,1,215940.0
37,5,25,25,22.65,1968,3,212180.0
115,3,4,13,9.14,1989,2,302257.0
196,2,9,17,26.73,1985,3,412439.0
153,5,1,4,22.98,2011,3,364355.0
157,2,21,23,21.1,1986,2,360380.0
149,2,15,16,8.72,2015,1,337058.0
162,6,12,15,21.41,1972,1,357691.0
112,3,6,17,28.47,1985,3,291258.0
43,1,1,9,3.2,2009,1,169248.0
171,3,14,19,10.12,1968,2,411813.0
101,3,10,23,7.42,1980,0,233497.0
110,6,12,12,12.1,2008,3,347262.0
87,5,5,6,22.4,1998,2,246173.0
53,2,8,13,14.49,2010,1,170307.0
187,1,8,8,17.34,1993,2,417066.0
161,4,11,13,9.77,2015,1,394693.0
136,1,10,20,4.67,2017,0,337024.0
92,2,1,6,8.37,2023,3,295435.0
168,1,3,23,25.86,1967,3,338082.0
118,1,4,9,18.27,1998,3,297023.0
100,6,16,28,11.65,1967,1,309787.0
101,1,1,23,23.8,1974,1,228819.0
61,1,2,10,2.4,1979,0,172774.0
36,6,13,18,7.99,2001,2,204084.0
120,2,5,6,7.29,1988,1,277492.0
180,5,1,5,29.57,2016,3,434185.0
31,1,15,29,21.33,1979,3,144926.0
175,1,3,25,18.72,2000,0,339434.0
169,1,6,7,0.65,2009,3,426182.0
70,5,9,10,5.94,2023,0,230437.0
134,4,7,8,19.25,1975,1,293228.0
49,3,9,14,11.7,2007,1,163242.0
157,2,7,11,27.77,1965,3,331964.0
146,1,12,12,23.06,1995,2,335944.0
84,4,11,17,13.7,1986,3,259775.0
32,2,4,8,22.61,2022,2,123425.0
195,4,21,27,29.27,2010,3,428359.0
100,5,14,23,14.1,2020,3,333499.0
181,6,21,24,19.45,2015,3,490950.0
142,3,4,7,27.6,1986,1,316461.0
160,1,20,22,7.84,2007,1,357723.0
157,2,2,26,26.65,1961,3,340378.0
55,6,1,7,3.38,1996,3,256830.0
85,4,3,24,19.63,1963,3,250398.0
104,4,8,13,23.59,2007,2,274303.0
110,3,18,25,18.63,2022,3,307823.0
27,1,4,16,15.12,2004,2,112976.0
118,6,4,25,18.71,2014,2,339753.0
47,5,7,7,4.97,1975,0,162571.0
154,6,10,13,6.86,2024,2,423283.0
143,6,7,10,8.46,1995,2,420961.0
186,2,5,9,18.13,2003,3,468124.0
154,2,5,11,13.54,2010,3,353463.0
86,2,1,13,7.71,2001,1,201928.0
195,6,2,6,26.54,1980,1,400403.0
94,4,20,22,11.53,1999,3,293685.0
78,3,7,18,13.66,2002,3,263702.0
183,6,19,26,12.59,2015,0,441305.0
87,4,16,22,5.87,1991,1,257813.0
33,6,3,7,22.08,1992,3,187115.0
104,6,1,4,13.73,1992,0,256526.0
164,1,10,14,0.98,1967,3,386620.0
54,3,2,16,28.94,1965,0,98240.0
103,5,5,9,24.57,1961,0,190350.0
43,5,22,24,21.85,2003,3,174636.0
144,1,14,19,26.14,1987,2,271954.0
106,2,18,23,27.25,2016,2,261504.0
79,4,1,6,10.46,2005,3,271604.0
61,5,5,25,18.52,1969,1,190455.0
122,1,3,8,18.46,1966,2,223024.0
141,4,5,15,8.39,1983,2,330538.0
190,2,3,15,7.05,2019,2,451988.0
99,2,25,25,3.86,1963,1,196792.0
49,4,2,10,19.95,1972,2,182093.0
170,3,7,9,23.54,1961,1,303452.0
133,4,8,12,22.95,1986,2,327910.0
146,2,8,13,9.83,2024,3,360179.0
37,5,2,8,6.56,2004,1,195028.0
76,1,3,7,13.88,1992,2,252781.0
158,6,6,9,16.63,1969,3,364287.0
170,1,5,16,27.61,1983,3,361755.0
98,5,9,12,26.31,1994,3,243661.0
165,3,1,13,27.52,1977,2,350098.0
172,3,2,23,25.58,2005,1,351232.0
90,1,7,9,28.96,2023,3,222584.0
182,5,18,28,14.23,1973,2,413834.0
72,1,2,24,1.9,1976,0,186130.0
63,4,7,7,2.97,1968,1,177846.0
143,5,1,11,12.01,2007,1,378627.0
135,6,8,8,8.1,1990,3,385113.0
45,5,8,10,5.51,1978,0,139690.0
170,2,13,13,28.62,1974,2,367595.0
56,5,6,6,6.26,1964,2,210716.0
165,5,1,3,28.8,1990,0,366987.0
21,2,12,15,22.94,2004,2,118556.0
164,1,5,22,19.41,1975,3,338991.0
162,6,6,11,20.44,1960,2,380602.0
161,1,7,27,10.28,1990,2,359913.0
140,4,7,13,19.57,2003,1,349699.0
105,2,25,28,6.01,1982,0,251543.0
147,1,4,9,28.16,1976,0,251821.0
70,5,2,18,9.4,1970,1,211202.0
161,1,8,24,8.03,2008,2,369904.0
120,5,4,4,21.48,2016,0,303827.0
103,5,16,29,19.87,2010,3,309893.0
111,1,8,13,13.81,1993,2,253358.0
122,2,7,16,19.16,2007,1,258607.0
26,5,6,20,5.21,1985,3,178840.0
45,4,13,21,20.36,1961,0,89610.0
64,1,2,3,8.48,1983,3,185167.0
40,6,25,27,8.55,2005,1,224322.0
99,2,13,20,5.28,2002,1,253875.0
140,1,30,30,10.31,2024,1,336297.0
138,6,14,16,10.27,2024,3,366048.0
105,1,2,20,13.9,1975,1,232540.0
174,4,6,15,6.12,1960,3,426652.0
122,6,11,27,6.19,1977,1,325096.0
34,4,1,26,16.48,2016,1,146751.0
158,4,6,28,4.3,2012,2,402275.0
124,3,13,17,20.82,1966,2,243736.0
134,1,9,25,28.35,1970,1,259360.0
122,4,2,13,13.09,1996,0,285956.0
120,6,5,15,27.08,2002,1,287223.0
36,1,7,24,3.4,2023,2,145089.0
121,6,1,5,1.77,2009,0,307169.0
163,3,3,22,21.78,1973,0,318934.0
75,4,3,3,22.95,1962,3,242502.0
129,1,16,19,25.37,2001,0,241333.0
25,4,8,16,2.18,1995,1,125504.0
82,2,10,16,23.42,2019,3,233658.0
99,2,15,16,11.61,1997,1,240678.0
197,5,14,16,9.45,1992,1,471823.0
58,1,1,14,5.6,1979,0,149941.0
70,3,15,15,29.88,1965,3,129019.0
93,4,2,18,2.38,2016,2,308158.0
199,1,1,24,24.9,2013,3,402397.0
174,2,8,18,19.37,1970,3,356095.0
26,3,15,20,22.18,2005,1,99511.0
62,4,3,26,21.5,1983,0,157937.0
168,6,9,30,25.82,1988,1,348493.0
30,6,2,6,5.92,2015,0,176428.0
174,2,9,22,0.52,2014,2,439286.0
70,1,9,9,18.16,1972,0,132444.0
186,1,3,8,10.94,1979,3,396115.0
73,4,6,25,4.15,2013,2,241111.0
98,1,1,4,5.99,2019,1,263829.0
139,2,6,26,10.29,1965,3,309310.0
42,6,4,24,2.57,2014,3,267406.0
120,6,18,30,2.18,1991,1,344440.0
111,6,9,21,27.52,1998,0,255741.0
161,2,14,27,9.71,1964,1,312432.0
200,4,5,6,29.48,2004,2,423133.0
140,4,16,27,28.95,2004,3,352635.0
94,2,2,7,4.71,2003,1,222233.0
93,4,5,11,21.59,2011,2,263057.0
95,4,2,6,18.22,2021,1,251988.0
167,3,12,14,20.87,2015,0,333208.0
78,5,8,23,3.34,2008,1,277036.0
50,5,2,10,6.06,2023,0,151717.0
80,4,20,26,2.76,2003,1,261998.0
24,5,9,19,18.32,2003,1,158346.0
39,5,2,20,29.6,1995,1,151889.0
36,4,21,29,20.32,2009,3,184153.0
159,2,4,15,21.47,1964,1,304616.0
150,5,11,12,29.55,1992,2,332876.0
146,5,25,30,20.5,1987,2,354547.0
103,6,7,18,1.69,2019,2,354351.0
149,1,12,20,26.08,1964,1,257934.0
49,3,7,11,11.26,2001,3,213282.0
183,6,6,9,0.63,1971,0,470701.0
110,4,1,7,15.46,2017,1,280354.0
189,6,3,9,28.14,2015,3,431373.0
47,1,2,8,8.09,1975,1,105527.0
110,1,17,23,15.0,2016,2,283608.0
146,5,1,4,5.63,1992,0,349329.0
109,3,11,20,2.2,2023,2,337063.0
100,4,22,29,2.88,2007,3,320469.0
50,3,23,24,21.95,1962,2,162691.0
88,3,5,14,25.99,1973,2,203693.0
63,6,1,4,4.73,1986,3,253099.0
74,1,19,26,9.01,1973,1,174220.0
143,5,1,3,6.25,1968,1,329213.0
134,6,2,22,1.29,2023,0,401820.0
129,4,21,21,16.83,2016,2,334989.0
85,3,7,8,21.15,1988,2,230201.0
193,1,17,23,19.61,1973,3,397874.0
35,5,6,7,11.95,1971,2,145905.0
82,3,1,9,16.87,2019,0,194816.0
41,1,3,25,3.28,1981,2,171665.0
81,3,10,30,5.05,1960,3,245417.0
194,6,1,10,27.99,1985,0,381272.0
86,2,25,28,22.96,1989,1,196126.0
184,2,2,28,27.72,2000,3,402978.0
109,5,14,24,27.54,1982,1,283783.0
146,2,6,6,19.66,2019,3,357566.0
102,6,9,11,27.88,2001,2,288616.0
68,6,5,21,12.79,2024,2,272039.0
158,6,15,30,0.61,1983,2,412104.0
195,6,14,25,2.35,2002,2,486170.0
67,2,11,14,3.73,1983,3,210324.0
160,2,4,9,3.31,2005,3,381789.0
67,3,9,29,10.88,2008,1,216332.0
149,3,8,10,21.19,1980,3,353763.0
162,6,11,12,23.82,2020,2,404557.0
101,5,15,30,17.91,2015,2,247929.0
153,4,1,18,4.82,2018,1,420605.0
69,6,6,10,22.56,1974,1,182191.0
34,4,3,3,10.97,2006,2,204749.0
37,3,15,15,0.88,1966,1,125528.0
100,3,13,30,8.78,1966,1,233671.0
183,4,3,15,10.25,2023,3,424559.0
43,1,13,22,8.59,1969,1,129340.0
102,5,9,10,24.45,2016,2,259417.0
147,4,23,24,22.92,1988,0,288592.0
56,5,2,24,21.02,1979,0,125861.0
150,4,6,20,4.6,1964,3,405892.0
75,5,12,24,24.33,2003,0,203790.0
166,6,2,19,20.48,2006,3,460121.0
124,4,12,13,6.25,1990,3,341887.0
118,3,3,23,19.62,2012,1,278225.0
51,1,18,26,14.76,1981,3,143510.0
103,5,24,26,13.46,1995,1,277067.0
175,6,6,8,3.81,1978,3,458639.0
23,5,17,21,15.79,1997,0,122942.0
157,6,1,3,3.45,1968,1,412426.0
109,6,16,19,5.35,1990,1,336609.0
150,5,8,18,4.41,1995,3,403477.0
140,4,1,13,28.65,1996,0,297452.0
98,1,11,30,8.9,1989,3,265446.0
75,1,10,27,10.98,2001,0,165311.0
133,2,3,4,10.0,1993,1,287627.0
45,3,3,8,27.0,1978,2,118071.0
125,5,4,8,17.11,1973,0,311290.0
37,3,12,28,27.62,2002,1,114749.0
137,1,6,17,9.35,2021,3,350603.0
133,2,17,23,3.89,2008,3,357152.0
35,6,8,25,16.91,2001,0,189436.0
157,6,19,24,10.69,2019,2,449172.0
95,3,2,5,24.16,2018,2,228909.0
162,5,6,6,26.44,1992,0,330007.0
27,5,6,14,14.44,1967,2,139866.0
52,6,1,12,29.16,2001,2,184754.0
109,6,4,23,16.81,2000,2,300516.0
54,4,6,7,8.49,1978,1,187701.0
79,3,12,13,14.92,2015,1,243544.0
139,4,2,9,1.6,2016,2,358495.0
46,2,5,8,24.22,1981,2,105649.0
142,3,5,7,3.49,1990,0,315635.0
38,4,2,8,9.61,1972,0,118976.0
51,4,9,18,17.18,1971,2,207796.0
126,4,10,14,1.77,1977,3,379407.0
163,3,15,15,2.84,1983,0,380750.0
50,3,14,16,21.04,1977,0,112663.0
74,1,3,23,2.62,1969,3,219982.0
187,4,7,27,14.57,1989,2,404515.0
199,4,8,17,10.49,2000,3,497713.0
125,6,4,20,7.23,1981,3,381063.0
100,4,14,23,6.07,1994,3,337714.0
82,3,1,22,23.02,1977,0,163841.0
130,1,1,6,28.57,2005,1,244594.0
126,2,2,30,4.64,2002,0,290493.0
73,3,3,7,28.81,2022,0,174342.0
24,3,11,14,18.05,1963,3,97466.0
47,3,4,21,19.43,2015,2,179613.0
193,3,14,14,21.44,1982,0,375663.0
95,5,3,9,21.27,1964,0,193481.0
107,1,2,28,24.68,2004,0,160361.0
104,2,2,5,14.76,1971,1,225161.0
161,1,7,9,16.23,1971,1,342713.0
31,2,4,30,10.05,2023,1,162664.0
34,5,2,23,3.61,1974,3,207335.0
69,1,5,5,20.11,1995,0,169774.0
108,3,15,24,1.49,1973,2,299169.0
141,1,11,30,8.63,1968,1,315943.0
108,6,4,5,3.28,1960,1,295542.0
99,5,12,14,6.13,1961,3,299261.0
189,2,6,16,19.34,1990,3,404857.0
49,2,4,6,19.04,1988,0,72382.0
123,1,1,8,12.92,1962,1,272954.0
118,3,3,7,3.16,1982,0,266169.0
105,5,5,8,13.28,1977,1,257998.0
166,4,3,14,10.91,1997,2,381139.0
68,6,15,15,21.75,2024,1,219922.0
192,3,9,9,17.58,2004,1,440617.0
80,2,3,11,15.0,2019,1,243928.0
118,3,4,8,14.87,1972,1,235910.0
114,2,5,25,29.01,1973,1,211198.0
173,6,5,8,22.81,2008,1,381190.0
99,2,4,28,15.16,1980,2,259958.0
71,3,8,18,14.64,2015,0,190101.0
23,4,14,25,1.28,1990,0,119406.0
85,1,13,20,28.3,1973,2,176006.0
169,3,6,10,9.92,2014,2,397502.0
21,3,5,19,8.05,1995,1,146766.0
182,2,8,10,29.98,2012,0,346849.0
118,1,5,6,21.7,1989,2,264597.0
45,1,8,10,1.9,1968,1,90375.0
74,1,5,10,2.33,2004,2,221822.0
120,3,6,6,1.25,1968,0,317448.0
77,1,2,3,18.19,2003,0,179582.0
39,6,24,29,2.61,1987,2,185160.0
140,2,4,17,28.03,2011,1,277082.0
141,4,4,14,28.14,2016,2,306665.0
41,5,16,29,16.61,1986,2,207398.0
70,3,6,9,18.69,2017,1,196269.0
64,6,11,14,9.11,1967,0,185578.0
139,1,8,26,2.39,1966,0,289497.0
152,2,18,20,22.26,2024,3,315955.0
151,2,5,14,3.5,1997,0,312691.0
189,1,6,10,3.02,1989,2,422682.0
159,2,3,3,9.68,1970,3,388676.0
78,2,3,5,0.87,1978,3,215852.0
39,5,5,7,13.3,2004,1,158789.0
131,2,23,25,21.38,2013,0,287998.0
185,6,20,20,24.14,2019,3,438316.0
196,5,8,15,18.33,1986,2,452659.0
61,6,11,24,25.48,1989,1,187872.0
62,1,2,7,12.49,1970,2,193581.0
26,6,5,8,25.54,1965,0,87710.0
45,4,12,13,15.44,1988,2,169823.0
120,6,14,28,7.08,1997,2,371483.0
118,3,7,20,28.35,1966,1,211346.0
87,6,3,26,8.61,1986,1,263272.0
76,4,4,9,1.27,2001,1,237053.0
170,1,7,26,7.66,2012,0,351018.0
103,3,5,5,11.32,2021,0,265967.0
166,1,5,9,10.86,1982,3,387853.0
194,6,3,17,15.98,1985,1,428988.0
77,2,1,4,26.55,2016,0,157441.0
56,2,23,27,9.12,2005,0,185184.0
192,4,26,27,15.86,1977,1,403573.0
134,3,14,18,10.53,2004,3,360667.0
72,1,2,11,24.74,1970,1,132615.0
132,5,1,5,5.15,1989,3,377856.0
113,6,4,20,3.55,1979,1,292468.0
183,5,14,18,15.34,2024,3,494066.0
66,4,19,24,20.32,1962,3,195108.0
199,3,16,19,23.97,2015,0,415525.0
189,4,1,6,17.89,1978,0,371507.0
52,4,1,6,23.33,1962,3,159665.0
49,1,22,24,12.08,2002,3,201220.0
116,1,7,7,1.47,2004,0,282706.0
28,2,22,29,3.92,1969,2,142842.0
74,3,1,5,1.64,1962,3,259863.0
98,1,2,23,10.2,1967,3,245296.0
195,1,2,30,15.12,1986,1,387225.0
199,6,11,15,11.01,1968,3,480839.0
47,3,4,4,17.04,2005,2,182035.0
181,4,18,27,14.68,1965,3,417293.0
36,4,3,8,20.5,2011,0,143833.0
155,5,13,17,20.18,2016,2,379989.0
173,5,2,30,9.88,2006,0,398673.0
181,2,20,23,10.71,2021,1,417585.0
60,6,4,4,17.76,2021,0,195208.0
181,3,18,25,18.09,1963,1,367850.0
40,6,7,7,9.78,1982,3,213294.0
113,3,14,23,10.24,2009,2,321631.0
104,1,10,20,20.97,1982,1,198335.0
77,5,4,11,19.6,2007,1,219318.0
24,1,13,14,4.48,2010,1,115659.0
159,5,5,6,13.51,2024,2,423671.0
80,1,6,30,26.83,1981,1,151647.0
139,2,9,9,1.57,1982,0,341345.0
94,4,1,11,25.73,1961,2,220376.0
87,6,10,17,5.31,1978,3,303800.0
180,3,5,21,15.46,1978,1,377039.0
37,1,12,17,13.02,1989,0,68906.0
153,2,8,17,0.8,1987,0,319649.0
155,6,9,19,27.5,2015,3,388648.0
88,5,19,27,13.92,2010,3,317011.0
67,1,11,14,28.65,2007,0,119214.0
20,3,10,26,8.96,1960,0,73344.0
189,2,25,25,26.06,1990,0,376196.0
191,2,15,29,27.71,2007,1,405279.0
63,6,5,28,16.93,1975,3,260091.0
25,4,1,25,6.48,1987,0,102808.0
42,2,2,9,20.71,2007,3,146534.0
32,4,17,24,16.69,2011,0,155989.0
170,3,13,23,28.36,2015,2,375049.0
181,1,4,11,13.46,1987,1,360481.0
47,3,11,21,8.42,1985,3,209906.0
155,2,9,10,4.58,1984,1,368085.0
52,2,10,17,21.11,2003,1,127282.0
86,6,2,25,29.24,1987,0,206112.0
128,5,1,8,1.34,1986,3,395740.0
150,1,6,12,22.34,1970,1,262047.0
178,6,11,25,27.84,1991,1,393294.0
28,4,13,15,2.71,1975,2,144839.0
55,6,17,29,3.75,1994,2,228256.0
70,5,3,3,20.91,2017,2,217562.0
76,3,14,23,19.61,2010,1,209366.0
200,4,9,25,2.53,1991,0,440018.0
160,4,19,28,25.12,2023,0,329784.0
77,5,5,7,15.94,2023,0,219720.0
195,2,22,30,27.26,1988,2,376323.0
110,2,3,13,26.4,2009,2,256538.0
110,2,8,12,24.47,1982,2,262551.0
98,2,4,12,15.72,2017,3,271080.0
46,1,16,20,7.93,1984,0,115426.0
189,1,17,21,15.43,1976,3,417446.0
22,6,10,16,3.47,1968,3,154034.0
51,1,4,4,19.94,2014,2,156295.0
61,6,17,30,4.45,1979,2,304384.0
70,1,1,9,15.58,2012,0,150906.0
43,5,4,5,2.1,1965,0,159366.0
23,2,15,19,9.34,1992,0,103207.0
142,4,2,14,7.35,1987,2,391856.0
195,2,3,20,18.79,1988,1,409221.0
42,3,8,27,23.71,1970,0,54457.0
73,3,5,5,2.19,1964,0,201273.0
111,4,6,10,25.58,1982,0,275139.0
187,3,17,17,25.89,1990,2,407296.0
145,4,22,25,10.6,2011,2,356787.0
158,5,11,19,19.94,1990,2,384595.0
125,3,9,13,12.38,1975,0,245932.0
95,3,7,20,5.05,1977,0,254220.0
56,1,3,30,16.1,1999,0,105934.0
176,3,7,16,3.05,1988,3,442196.0
165,1,16,27,26.41,2018,2,329038.0
24,2,5,24,27.77,1988,1,55140.0
149,6,3,11,24.74,1996,0,355413.0
35,1,1,9,17.09,1964,1,85054.0
153,3,18,24,16.95,1972,3,355224.0
169,6,8,8,29.55,2015,0,343126.0
43,6,10,12,7.81,1982,3,191087.0
98,1,4,9,2.74,1987,1,216799.0
42,1,12,19,17.08,1998,0,98899.0
122,3,11,11,10.2,1963,3,335004.0
187,4,13,21,10.01,1992,2,433082.0
34,6,9,29,0.71,1982,2,235558.0
91,2,9,26,18.09,1969,0,168647.0
196,1,22,29,8.29,1987,1,405688.0
74,2,2,3,6.04,1989,2,199310.0
43,6,13,15,1.69,1972,2,234626.0
108,1,8,9,11.25,1995,0,263035.0
112,3,2,28,26.43,2008,2,233121.0
139,1,16,22,10.43,1977,3,325753.0
76,1,5,11,20.53,2022,3,235530.0
192,6,10,18,22.82,1999,0,388041.0
114,1,6,19,10.18,2010,3,309644.0
71,2,6,16,24.74,1964,2,185058.0
193,6,6,16,20.91,2009,0,424756.0
187,4,1,4,17.0,1981,0,392145.0
110,1,12,15,0.53,2006,3,344670.0
24,3,2,12,1.54,2012,0,160784.0
128,6,10,25,29.73,1976,0,272779.0
120,3,6,27,23.58,1976,1,244521.0
46,4,4,24,28.16,1963,2,117638.0
134,4,2,3,27.12,1999,2,326451.0
172,4,24,26,1.1,2010,2,422548.0
39,2,14,14,23.86,1986,3,132762.0
150,6,6,14,13.81,1970,3,399706.0
45,6,15,29,23.79,1980,0,131978.0
155,1,27,27,0.7,1986,0,340647.0
95,5,1,4,9.0,2019,0,309501.0
21,5,13,13,22.66,1968,1,96909.0
194,5,3,23,23.89,1982,1,404355.0
50,3,5,18,18.78,2001,3,203200.0
127,3,4,10,9.39,1975,1,299885.0
52,6,1,17,9.66,2017,0,222536.0
188,1,23,27,29.02,2019,3,403440.0
153,5,8,9,13.46,1984,1,357996.0
165,6,9,23,13.69,2008,3,411645.0
98,5,20,23,16.79,2009,3,278597.0
104,3,21,27,12.58,2004,3,269111.0
134,4,9,11,16.8,1972,3,346778.0
162,1,8,9,13.25,1963,0,279160.0
173,6,11,18,24.89,1982,2,426552.0
23,3,2,17,27.32,1968,1,66340.0
140,1,13,14,28.0,1979,2,272185.0
39,5,15,24,17.15,2001,2,162701.0
72,4,23,25,13.54,1998,2,245323.0
170,4,9,9,21.3,1973,1,344659.0
65,1,5,25,25.23,1961,3,138557.0
164,5,4,9,17.11,1974,2,408048.0
103,4,3,14,21.15,1989,3,287233.0
62,5,1,3,22.62,2010,0,165617.0
80,5,12,12,20.45,1983,3,264106.0
116,2,27,29,22.51,1978,1,244149.0
158,2,14,15,6.66,1995,1,364372.0
129,6,20,22,15.2,1964,3,344017.0
188,4,4,6,17.85,1974,1,435257.0
177,3,11,20,0.57,1962,1,391383.0
156,2,13,13,25.75,1994,3,375008.0
129,4,13,23,18.5,1988,3,333050.0
72,5,18,28,4.31,1997,1,261396.0
94,1,4,17,24.58,2000,1,203780.0
41,4,4,5,21.65,1985,0,132543.0
87,6,14,16,22.87,2016,0,218415.0
187,2,5,6,12.07,2019,2,442787.0
97,2,8,15,25.7,1967,1,224806.0
40,6,1,4,12.71,2019,3,217522.0
137,1,1,20,17.33,1972,0,253369.0
194,3,7,11,0.52,1976,2,445604.0
177,3,6,8,19.52,1994,2,383980.0
69,5,3,3,21.69,1961,2,229788.0
102,1,26,27,17.23,1983,0,184148.0
116,3,13,26,15.15,1972,1,248502.0
64,1,21,25,24.39,1991,2,185158.0
68,5,3,4,20.6,2012,1,215852.0
62,4,4,12,8.7,2020,3,286667.0
200,3,26,30,28.79,1973,2,400824.0
155,3,2,19,21.36,1995,1,331091.0
172,1,4,6,29.64,1990,0,284560.0
167,6,6,6,29.15,1986,0,349849.0
193,4,7,10,27.61,2001,1,366864.0
39,2,29,30,22.78,2024,1,138443.0
179,3,1,7,18.48,1986,3,414897.0
32,5,15,28,5.58,1964,3,191378.0
106,5,17,21,16.53,2019,0,265227.0
127,3,18,28,23.08,2020,2,292818.0
84,2,23,26,15.87,1980,1,213675.0
46,4,6,12,26.11,1992,0,94258.0
54,4,18,26,3.73,2016,2,239348.0
169,4,3,7,11.74,1992,2,440482.0
77,1,10,11,15.43,1991,0,185923.0
76,3,1,8,13.25,2019,1,187018.0
187,4,2,6,3.7,2013,2,452669.0
46,6,1,5,5.03,1992,1,209390.0
185,4,6,8,25.21,1970,1,374033.0
186,3,2,6,14.79,1988,0,351693.0
128,4,5,13,1.94,2003,0,327808.0
49,2,4,4,0.99,1977,3,197892.0
48,1,2,4,14.47,1994,2,178184.0
71,5,5,30,5.35,2002,0,219122.0
124,6,1,5,21.3,1965,1,315284.0
47,6,2,5,23.96,1997,0,123670.0
102,4,3,3,7.23,2007,1,262390.0
40,1,4,6,17.97,1973,0,89866.0
117,6,17,17,5.06,1995,2,373675.0
23,3,6,26,9.46,2006,2,124755.0
148,2,9,23,26.72,1962,2,298219.0
30,6,4,19,16.55,2001,1,128772.0
55,5,2,5,26.63,1976,1,148292.0
51,5,14,24,7.14,1985,0,193107.0
170,2,4,4,10.24,2002,0,344943.0
29,6,8,20,14.39,1960,1,134819.0
97,3,11,14,14.66,1961,1,205552.0
126,4,17,27,29.93,1989,2,278084.0
113,5,4,11,3.88,2021,0,340920.0
143,4,19,20,25.63,1960,1,300057.0
165,2,7,15,25.98,2011,3,350842.0
91,2,3,17,16.82,1964,3,228100.0
169,3,28,29,10.65,1991,3,390846.0
77,6,21,22,15.82,1987,1,220121.0
198,5,1,14,9.13,1990,0,460690.0
111,3,14,15,24.07,1965,0,212511.0
153,5,21,22,15.2,2008,0,390023.0
178,5,10,12,27.81,1977,3,407812.0
163,3,2,7,18.87,2010,3,389838.0
174,3,11,16,15.67,2002,3,428412.0
117,6,3,4,21.48,1995,2,265117.0
27,4,5,7,15.37,1980,1,120385.0
109,1,9,14,27.18,2002,1,212972.0
52,5,16,25,5.94,2024,3,281401.0
180,4,13,24,29.21,2020,3,436532.0
62,4,7,10,24.46,2019,2,175622.0
61,5,8,14,25.89,1974,3,223780.0
65,6,1,7,14.75,1998,1,212758.0
136,2,1,24,25.2,1985,1,253520.0
123,3,9,9,9.55,2022,3,349988.0
191,2,23,25,22.98,2021,1,392254.0
95,4,16,26,4.64,2016,3,347084.0
71,3,4,22,9.56,1970,1,199239.0
28,3,10,12,13.65,1980,1,115732.0
21,5,5,29,10.01,2006,0,141360.0
87,3,9,22,11.92,2008,2,272838.0
187,3,7,21,24.69,1982,1,388857.0
114,3,1,26,8.07,1968,1,297946.0
181,2,22,27,22.49,1968,2,383978.0
38,1,3,5,2.67,2004,0,123554.0
36,5,9,27,23.09,1989,0,138947.0
170,1,13,24,23.86,1991,3,362252.0
39,2,1,8,12.35,2012,2,152938.0
29,5,5,11,21.81,1961,2,158886.0
93,1,13,24,27.5,2009,0,200575.0
187,4,4,9,24.12,1977,2,401839.0
144,5,13,15,12.02,2020,1,359302.0
37,4,6,22,14.78,2022,2,200701.0
171,2,3,21,23.49,1992,0,336420.0
172,1,15,28,9.13,1980,2,383484.0
164,6,6,6,24.21,1975,2,377994.0
183,2,5,11,10.18,1971,1,387155.0
63,5,2,30,24.28,2024,0,176333.0
197,2,18,18,3.06,1972,3,450610.0
78,1,4,9,1.81,1989,2,226591.0
165,5,2,11,29.93,1991,2,372302.0
124,6,8,12,26.15,2004,3,332833.0
161,6,6,18,26.54,2014,2,408041.0
133,5,10,10,28.56,1996,0,304467.0
136,2,6,20,13.43,2009,1,324982.0
131,6,9,15,8.96,1996,3,381946.0
160,5,11,20,4.34,1988,1,412227.0
153,2,2,7,15.29,1970,3,351765.0
44,1,10,20,6.99,1973,0,88729.0
169,6,4,28,28.1,1988,1,385409.0
117,2,4,6,0.62,1962,1,281326.0
78,5,10,12,4.72,1980,2,310360.0
113,1,21,22,7.77,1990,0,270467.0
195,2,7,20,6.37,1990,0,415777.0
175,2,6,21,7.16,2012,2,415433.0
170,2,10,18,19.85,2022,1,364317.0
103,5,16,22,10.16,2007,3,311212.0
161,6,20,20,18.64,1965,3,377740.0
89,6,1,5,26.76,1986,1,212992.0
144,5,6,24,18.28,2007,2,363815.0
135,2,4,15,20.99,1998,1,245302.0
65,6,2,4,11.28,1989,1,211296.0
68,4,7,14,5.21,1988,2,231091.0
31,4,14,15,9.96,1986,1,137690.0
45,5,1,5,28.95,1997,0,107719.0
98,5,25,30,18.84,1971,1,245905.0
106,6,6,9,8.69,1993,3,370902.0
49,4,8,12,13.8,1973,1,169729.0
95,4,11,15,25.15,2004,1,220555.0
129,5,4,26,20.22,2016,2,335846.0
62,2,18,23,17.04,1993,0,144152.0
81,2,6,24,26.61,1985,1,155225.0
86,4,5,9,20.34,2021,0,198728.0
111,1,18,26,19.46,2002,3,292017.0
86,2,16,26,6.1,1987,3,255374.0
153,5,5,15,3.64,1961,3,389687.0
79,6,8,18,28.97,1961,0,178739.0
98,4,2,4,18.17,1974,2,254710.0
88,3,1,24,12.76,1975,2,200759.0
53,3,22,29,17.88,2006,3,199291.0
144,5,2,16,2.32,1992,0,370940.0
62,4,9,18,24.75,2024,2,206942.0
73,1,11,16,6.89,1995,0,213378.0
163,4,1,5,24.23,2018,2,398384.0
191,3,20,20,16.26,1995,3,471859.0
141,5,9,23,8.66,1983,0,384770.0
185,6,1,28,1.39,2006,0,463799.0
174,6,20,29,24.57,1989,3,433851.0
107,4,9,16,5.71,1977,0,281925.0
159,3,19,29,2.03,1990,2,389618.0
79,3,13,17,22.8,2003,2,215198.0
103,2,10,20,10.83,1984,1,232015.0
116,6,16,19,11.99,2005,3,366676.0
193,6,12,30,7.79,2023,3,503518.0
173,6,13,23,25.85,1986,1,374215.0
108,2,1,6,9.27,1979,0,239749.0
138,2,4,5,6.7,1986,0,293361.0
56,6,4,14,9.62,2014,0,168441.0
165,4,12,17,6.49,1971,3,393072.0
120,5,17,21,9.87,2023,2,329255.0
116,3,14,16,2.95,1986,2,300177.0
158,3,16,17,5.18,2014,0,371444.0
134,4,4,28,12.8,2011,3,370251.0
33,5,2,12,26.44,2010,2,165407.0
72,3,15,16,2.19,2019,3,285212.0
51,5,7,18,6.77,1972,1,207930.0
153,2,1,16,27.3,1998,2,329941.0
26,3,9,30,26.76,1966,2,96232.0
56,6,25,29,20.54,1979,1,208020.0
128,6,7,17,7.59,1962,2,367401.0
145,6,2,15,12.88,2004,1,375974.0
111,2,14,19,6.73,1999,3,333723.0
175,6,2,8,4.29,2008,2,419118.0
186,6,5,14,11.71,1971,2,444230.0
43,6,1,9,17.49,1981,2,176858.0
192,1,5,7,11.12,2003,1,418144.0
131,5,3,5,18.52,2013,3,387401.0
135,6,17,19,9.24,2017,0,325329.0
37,5,2,3,10.7,1964,2,192041.0
132,2,5,21,23.82,1986,0,227840.0
151,5,3,15,26.41,1960,1,298166.0
125,1,3,13,10.0,2013,2,297483.0
35,3,11,24,17.36,1967,1,106120.0
114,4,2,18,8.71,2013,3,310816.0
189,3,10,23,2.07,1970,2,453384.0
150,5,19,22,22.27,1960,1,343125.0
44,2,3,3,5.54,2017,1,179685.0
193,4,6,9,13.06,1988,2,434806.0
193,4,17,18,14.87,1987,3,459154.0
50,4,24,30,5.94,2002,1,195164.0
164,2,5,7,3.29,1977,2,412906.0
93,2,5,5,10.77,2004,2,199240.0
127,2,4,29,28.59,1987,0,213027.0
100,3,25,30,18.65,1977,3,270870.0
161,4,3,7,11.75,1985,2,366030.0
200,3,11,14,1.65,1960,0,416810.0
163,3,19,20,18.21,1979,2,363349.0
188,2,4,8,3.22,1998,2,423298.0
191,2,2,12,16.51,1968,3,416738.0
36,4,6,14,22.68,1967,0,105101.0
65,5,9,20,13.0,2002,1,210077.0
150,2,11,11,9.33,1987,0,306316.0
126,6,14,14,1.9,1968,2,361136.0
29,4,7,11,1.23,2008,2,182730.0
37,2,23,24,13.19,2010,1,103886.0
114,3,4,7,26.56,1962,3,272616.0
131,1,4,9,7.7,1973,2,291392.0
50,1,8,9,17.43,1984,1,143042.0
51,3,19,28,20.69,2007,0,146441.0
43,3,16,29,2.29,1964,1,180863.0
122,5,8,17,5.02,2012,3,356278.0
21,1,5,7,10.27,1980,1,74431.0
123,6,19,24,20.27,1968,3,316092.0
106,2,8,16,13.45,2016,2,262157.0
104,1,1,26,22.16,1965,2,238586.0
142,5,2,13,26.09,1968,1,333157.0
114,5,5,30,22.87,2021,2,286420.0
151,4,12,25,29.77,1993,0,291147.0
158,1,6,9,22.75,1990,0,285818.0
186,1,19,23,25.64,2004,1,370703.0
164,3,3,11,25.05,2000,2,325103.0
113,3,10,12,22.04,1999,2,244268.0
109,6,7,10,24.15,1961,1,270023.0
62,2,2,22,28.07,1995,1,99813.0
128,2,4,10,14.52,1978,2,285394.0
45,6,7,20,19.33,2012,2,201282.0
188,1,17,19,15.69,1992,0,368874.0
172,1,23,24,25.61,1968,1,317437.0
41,3,25,30,13.23,2017,2,169910.0
162,3,2,3,24.68,1978,3,376386.0
41,4,15,30,24.08,1977,1,131058.0
150,6,2,6,28.88,2020,3,373838.0
35,6,14,17,7.84,2010,2,207071.0
108,2,2,12,21.43,2015,1,247401.0
139,6,6,20,22.83,2003,2,386472.0
151,4,4,23,28.12,2019,3,380560.0
95,1,14,27,27.25,1967,0,179002.0
186,6,5,14,17.42,1998,0,402055.0
160,1,6,29,17.59,1979,1,307357.0
57,4,5,12,5.44,1985,0,172955.0
141,5,7,8,29.26,1975,3,335124.0
152,2,8,13,8.02,1973,3,349862.0
80,2,14,17,21.88,1988,2,221391.0
153,3,20,21,23.98,2019,3,387174.0
182,6,24,26,13.52,2001,0,416364.0
167,2,4,9,6.73,1982,2,394045.0
158,4,10,11,6.07,1988,1,382238.0
134,3,27,29,25.77,1994,1,301373.0
68,1,15,15,15.57,1975,1,130948.0
163,5,4,9,3.16,1993,2,421476.0
85,5,7,30,21.65,2005,2,249865.0
116,4,9,15,7.88,1975,0,286070.0
76,2,28,30,26.35,1997,2,179128.0
76,1,26,28,9.63,2006,3,191575.0
48,3,16,28,6.41,1993,0,135237.0
193,4,3,19,3.0,1978,3,477131.0
46,4,11,25,15.59,1996,2,179822.0
35,2,21,29,13.8,2011,1,160887.0
189,4,6,10,22.66,1974,2,418557.0
120,2,2,4,14.21,1997,2,288716.0
99,5,4,11,10.64,2004,3,314969.0
153,5,2,20,8.22,1980,0,373331.0
89,4,6,18,8.71,1985,0,217726.0
43,1,4,5,27.87,2017,2,113691.0
152,6,5,18,5.37,1983,1,370319.0
51,1,7,7,29.65,1998,0,108660.0
120,6,2,17,10.14,1969,1,321707.0
191,1,12,19,3.11,2020,2,428983.0
189,4,10,20,7.84,1998,0,415292.0
85,1,12,14,2.22,2009,3,274700.0
161,1,13,14,23.81,1999,1,310085.0
130,5,12,22,15.62,1983,0,290366.0
106,5,15,23,10.44,1982,0,256845.0
45,1,18,25,20.03,2005,3,161145.0
88,6,7,12,19.1,2015,0,234535.0
137,2,3,14,28.23,1968,1,248856.0
198,2,6,12,28.86,2014,2,380739.0
20,2,5,17,20.58,2013,2,103682.0
149,3,3,6,24.63,1967,1,294192.0
173,2,10,15,23.88,1967,0,309124.0
192,3,2,8,14.99,2005,2,434630.0
96,2,5,17,21.28,2014,1,233458.0
41,1,22,26,2.81,1985,0,136516.0
69,3,12,30,22.86,2001,0,168947.0
173,5,3,15,28.87,2024,2,395364.0
178,5,3,4,3.01,1980,0,398702.0
135,3,7,9,25.17,1974,1,256746.0
42,2,5,5,28.02,2024,0,82829.0
42,5,19,24,7.17,1978,3,214330.0
106,5,30,30,15.98,1990,2,286491.0
126,5,11,18,27.87,1988,3,323225.0
25,6,3,7,28.83,1994,0,77866.0
144,5,3,3,4.27,1977,1,331608.0
118,6,8,30,10.8,2004,1,342749.0
22,3,4,11,21.1,2004,2,103401.0
37,3,5,6,7.04,1973,3,158725.0
102,2,7,7,10.08,1991,0,207135.0
150,2,4,10,1.19,1963,3,381227.0
169,5,16,21,5.03,1974,2,451182.0
98,5,25,27,17.09,2024,3,308257.0
73,5,8,10,19.77,1992,0,186386.0
195,2,1,22,19.64,2000,3,450111.0
102,3,3,4,23.46,2017,1,205180.0
77,2,1,3,12.75,2006,1,234164.0
100,6,4,4,8.57,2011,0,326490.0
22,2,2,28,0.96,2006,3,115254.0
74,1,19,19,6.6,1992,3,228975.0
113,4,5,25,9.72,2001,0,263875.0
186,6,2,3,5.76,1978,1,441242.0
153,6,1,3,1.09,2017,2,424631.0
161,1,22,26,5.14,1971,2,379074.0
118,2,2,5,20.15,2017,0,241634.0
40,1,6,7,19.07,2017,1,96480.0
90,2,2,17,28.1,1969,1,170031.0
200,4,9,19,24.05,2006,1,432006.0
27,2,9,9,17.25,2024,3,124293.0
179,1,14,15,4.56,1997,0,341166.0
143,4,5,21,17.14,1982,2,377491.0
71,1,6,15,2.32,2017,3,230602.0
160,2,6,13,13.21,1993,3,376976.0
171,1,3,5,12.01,1967,3,369578.0
27,1,9,15,13.12,1976,0,77432.0
39,3,3,25,8.75,2004,0,166470.0
140,6,16,20,20.73,1989,3,386803.0
200,5,7,28,25.31,1974,2,408417.0
24,1,2,6,23.17,2011,2,64282.0
140,1,3,3,19.02,1967,1,262175.0
44,3,13,18,16.38,1974,2,146586.0
137,4,4,8,1.42,1990,0,300701.0
132,5,18,19,21.83,1962,1,314602.0
36,5,12,28,16.58,1985,2,146500.0
143,3,7,12,8.49,2019,0,356001.0
182,2,5,18,10.17,2021,0,417237.0
176,1,5,22,28.1,2016,0,315821.0
25,1,4,7,18.92,1981,0,59368.0
64,1,16,28,14.54,1964,3,160397.0
63,6,7,8,18.82,2012,2,242152.0
102,2,10,25,12.71,1984,3,265171.0
45,5,19,21,14.37,2008,1,161226.0
174,4,4,6,9.06,1967,2,401770.0
160,4,2,23,13.48,2003,3,398691.0
166,3,6,8,20.72,1998,1,345723.0
55,5,11,19,1.68,2019,2,264438.0
22,1,12,29,23.95,1966,2,54034.0
184,1,14,29,8.85,1986,3,451760.0
72,3,9,27,20.64,2024,3,208731.0
138,3,10,16,19.46,1985,2,346896.0
184,4,11,18,19.75,2002,2,401763.0
26,5,5,11,18.44,1970,3,151944.0
20,4,8,28,28.79,2007,2,98388.0
20,2,7,16,15.5,1977,1,73533.0
48,2,12,24,22.1,1997,2,159014.0
29,5,7,13,21.31,2017,2,181895.0
168,2,8,23,7.47,2002,0,379295.0
129,4,6,9,8.86,1990,2,330261.0
197,4,6,23,13.01,1972,2,447155.0
165,5,3,4,8.69,1982,3,413835.0
194,5,1,5,11.32,2015,2,452868.0
63,3,6,12,12.03,1974,0,136181.0
72,2,13,16,18.31,2002,3,208132.0
173,3,18,22,6.99,1991,2,418085.0
64,3,10,13,24.23,1980,1,119221.0
30,2,3,3,13.41,2006,3,148414.0
141,4,1,12,21.33,1983,1,336742.0
164,2,6,15,2.9,1978,1,386934.0
195,4,12,18,14.36,1994,3,455855.0
187,5,17,21,1.33,2009,3,475850.0
41,6,6,9,20.44,2016,2,197649.0
159,1,18,20,10.64,2000,1,300538.0
173,5,6,20,28.5,2003,3,430253.0
146,1,4,24,10.06,2011,0,299773.0
168,3,2,17,17.13,1977,2,404227.0
171,2,15,25,8.09,1976,2,357167.0
100,1,6,9,18.79,1991,3,262479.0
27,2,7,22,14.28,2001,1,104475.0
102,1,4,4,11.43,2001,3,263345.0
56,5,4,5,6.51,1969,0,152351.0
40,1,10,27,3.79,2010,3,192745.0
42,3,4,16,4.04,1983,0,152592.0
146,5,15,20,29.97,2017,2,381298.0
111,6,13,19,12.66,2007,0,313273.0
117,6,4,22,0.56,2023,3,380868.0
154,1,3,9,28.61,2001,3,307168.0
119,6,4,7,1.09,1994,0,301109.0
134,4,3,4,12.85,1972,3,372978.0
35,2,5,27,21.67,1985,1,83079.0
174,3,9,9,27.48,2015,2,404288.0
101,6,8,19,21.53,1984,0,255365.0
48,3,6,15,14.18,1963,0,126312.0
167,2,1,7,29.25,1975,0,287306.0
152,6,13,14,1.66,1998,2,436570.0
29,6,2,5,29.61,2000,2,138720.0
54,6,7,7,25.56,2023,3,216122.0
22,6,3,6,27.9,2020,0,116038.0
69,6,23,26,8.02,1994,2,260555.0
38,3,4,18,4.7,1996,0,123410.0
148,2,5,28,20.07,2012,1,327033.0
114,4,13,15,15.72,1963,0,248524.0
197,2,7,8,15.93,1998,0,396984.0
155,3,11,20,27.78,1990,2,324785.0
130,4,1,29,18.79,2010,3,322988.0
112,6,17,17,9.68,2012,2,373885.0
29,2,2,3,12.3,2002,3,175659.0
32,2,11,11,4.44,2002,2,171490.0
131,5,25,28,6.17,2004,0,329035.0
20,1,15,17,4.73,1997,1,97248.0
27,4,20,29,24.4,1974,3,160822.0
59,5,12,17,21.29,1978,0,150693.0
180,4,2,3,16.15,2008,0,372464.0
103,3,1,27,11.54,2000,3,329142.0
148,5,10,24,20.22,1975,0,317428.0
94,3,17,23,24.48,2017,3,294256.0
51,5,25,30,26.5,2023,3,184829.0
87,3,5,8,16.64,2000,2,246309.0
36,1,20,28,24.69,1974,2,134701.0
159,4,1,9,15.58,2020,0,353450.0
53,1,15,30,14.5,1975,1,126948.0
88,6,5,8,26.03,1988,3,245704.0
197,4,17,18,11.9,2015,3,505682.0
127,3,8,25,12.18,1993,1,285952.0
102,3,2,5,9.49,1975,3,283705.0
118,4,2,4,15.8,1965,3,285529.0
161,2,5,26,16.57,1983,0,344150.0
66,2,3,4,19.98,2003,2,201112.0
135,3,13,20,13.2,2006,2,336201.0
177,2,24,29,6.93,1974,2,382679.0
123,5,20,20,26.07,1970,3,342192.0
100,1,2,16,10.71,2005,3,262921.0
46,5,4,14,27.73,1970,2,129600.0
64,3,7,20,6.62,1964,1,153208.0
191,4,5,19,17.02,1991,3,438549.0
117,1,15,17,16.33,1997,3,261551.0
74,3,1,7,24.95,1975,2,171679.0
95,5,1,21,4.6,1973,2,303079.0
124,2,20,23,27.34,1975,0,219285.0
117,1,22,22,16.18,1982,1,254006.0
146,4,2,5,17.79,1960,0,284582.0
66,1,8,22,15.55,1960,2,162683.0
137,2,12,23,1.56,1984,3,396624.0
100,3,5,8,15.16,1961,0,203815.0
190,4,26,26,8.27,1980,3,475826.0
48,4,7,17,10.61,1997,0,127779.0
46,5,1,16,19.65,1962,0,154382.0
103,6,10,23,15.18,2000,3,316954.0
112,1,10,17,3.25,2000,0,272420.0
145,3,10,18,2.65,1997,2,370743.0
93,1,6,11,5.98,2000,3,276752.0
185,1,26,28,6.13,2012,1,419252.0
105,2,25,30,18.44,1964,0,200238.0
43,4,2,6,5.75,1970,1,180924.0
41,6,9,23,26.51,1980,0,112086.0
196,5,3,3,6.69,2004,2,493935.0
44,4,6,13,3.19,2016,3,220018.0
191,5,13,30,26.33,2019,3,463626.0
70,2,2,7,9.21,1997,3,218172.0
36,6,4,13,13.05,1986,3,201810.0
75,6,7,9,28.79,1986,3,217628.0
131,1,20,23,28.36,1963,3,277454.0
97,3,12,15,21.59,1990,2,242837.0
162,5,6,19,2.53,1993,3,433301.0
130,3,4,29,18.0,1973,1,281659.0
92,6,3,17,29.68,2009,1,241936.0
134,6,10,23,28.43,2012,3,346500.0
195,3,3,5,3.63,1979,1,429456.0
94,1,9,9,12.18,2019,1,209004.0
47,3,27,29,9.81,1966,0,178551.0
93,2,1,27,4.33,2019,1,272918.0
172,3,15,21,21.0,2009,2,393096.0
59,4,4,13,8.58,1974,3,243842.0
191,3,2,8,10.67,2002,0,365779.0
126,2,15,26,3.17,1980,2,273918.0
128,2,1,24,15.19,2011,3,317935.0
77,5,4,9,5.17,1970,3,247712.0
186,1,11,19,13.25,1975,3,403631.0
26,2,6,20,4.73,1979,0,100866.0
74,6,10,16,28.64,1972,1,211139.0
95,1,13,28,4.78,1981,3,246195.0
106,3,5,6,15.9,1999,3,297393.0
105,2,2,10,6.31,2001,2,280167.0
46,1,1,5,2.75,1996,3,190875.0
60,3,12,22,6.47,1972,2,191810.0
37,4,6,21,2.12,1973,0,168982.0
123,2,22,30,4.61,2019,3,347285.0
83,1,2,18,15.06,1976,0,194383.0
122,1,5,7,19.73,1966,1,221577.0
126,4,15,15,3.08,1989,0,324695.0
147,6,1,5,13.51,1960,2,367474.0
119,2,7,21,17.65,1982,0,231941.0
137,2,18,21,7.41,2015,2,357970.0
126,3,15,27,11.48,1977,3,325019.0
138,3,3,12,2.62,2005,3,331741.0
131,2,3,11,6.99,1991,1,247930.0
77,1,4,4,14.27,1983,3,232860.0
64,4,13,14,29.72,2003,1,186941.0
162,3,6,16,29.89,1998,2,376814.0
82,3,12,24,29.4,1980,2,193764.0
119,2,19,24,12.98,1974,0,224727.0
55,6,2,6,2.88,2019,0,209681.0
98,4,3,10,10.05,1970,0,233606.0
115,3,14,17,7.51,2022,3,320391.0
133,2,3,12,0.92,1990,3,385320.0
115,5,3,3,3.31,2024,1,372879.0
85,6,13,26,13.87,1982,3,297585.0
194,1,23,23,10.52,1996,0,387110.0
112,6,1,17,5.82,1999,3,335667.0
166,5,11,11,21.62,1982,0,377822.0
153,1,6,26,11.03,1974,0,299508.0
121,5,1,3,25.63,1993,3,310569.0
180,1,11,15,7.61,2003,1,394439.0
43,1,14,25,16.38,1976,1,98801.0
186,1,25,29,5.93,2009,3,446518.0
173,3,2,10,15.11,2001,1,350984.0
111,4,2,21,5.0,1970,3,342088.0
152,3,5,8,5.27,2021,0,350567.0
114,1,6,6,18.56,1962,0,225226.0
68,2,5,12,8.28,2002,1,188774.0
164,6,22,27,5.58,1988,2,434172.0
64,6,20,22,27.93,2002,0,154992.0
76,5,14,16,1.77,2010,0,259142.0
113,1,6,10,17.17,2004,2,245081.0
171,5,5,6,16.67,2002,1,386100.0
89,5,6,10,7.89,2014,1,272581.0
109,4,5,7,13.86,2005,0,263050.0
27,1,5,8,3.09,2012,0,73482.0
40,6,12,22,21.78,1986,0,133629.0
30,3,3,6,7.04,1973,2,156966.0
33,1,3,4,6.2,1975,0,83830.0
177,2,14,18,9.79,1999,0,364787.0
172,3,11,11,27.12,1994,3,387009.0
168,1,10,15,24.0,1965,1,308483.0
30,2,1,6,28.43,1973,2,64505.0
34,3,5,8,19.73,2022,1,126030.0
70,6,5,15,20.06,2007,3,274461.0
122,1,1,22,14.66,2009,3,283507.0
80,4,2,14,27.2,1972,1,175479.0
108,6,11,18,15.57,1964,2,274487.0
51,5,17,17,10.97,1978,1,201661.0
152,6,6,10,19.39,2015,3,407450.0
76,2,5,10,16.61,1992,1,168504.0
32,5,2,14,4.16,2011,3,213719.0
154,6,3,3,12.09,1991,2,376937.0
183,2,2,22,9.74,1991,2,390619.0
22,3,17,20,25.48,1999,1,60002.0
99,4,9,11,11.68,2022,3,291512.0
169,3,13,13,24.74,1988,2,388354.0
147,2,4,12,13.55,1998,3,343734.0
175,6,4,21,22.73,2019,3,453696.0
95,6,8,24,4.49,1984,0,257949.0
87,3,5,6,27.78,2014,3,250286.0
148,5,4,14,14.68,1994,3,372135.0
47,3,3,3,8.16,2017,0,155054.0
63,5,3,15,7.62,1990,3,252097.0
128,4,1,9,8.32,2000,2,381986.0
140,3,3,12,11.32,1981,1,328664.0
41,1,12,15,21.67,2001,0,75344.0
112,4,8,12,28.51,1981,1,254779.0
86,2,5,14,20.24,1999,0,217779.0
110,2,16,24,16.64,2011,2,246249.0
193,2,17,25,13.73,1988,2,406219.0
33,6,2,3,24.93,1987,2,146220.0
200,1,7,13,25.56,1980,2,381190.0
101,5,3,26,9.14,2007,1,282742.0
159,6,5,17,28.63,1998,2,352548.0
96,1,5,8,12.16,1993,3,279159.0
76,4,3,19,24.1,1961,0,133953.0
159,4,4,7,29.02,1967,1,314542.0
144,3,1,3,21.26,1960,3,346763.0
46,5,16,20,5.27,2015,3,240333.0
147,3,2,17,17.79,2015,3,349483.0
156,3,3,24,4.0,1964,0,313254.0
90,3,8,12,23.78,1963,1,189014.0
187,5,6,26,8.8,2010,0,414813.0
136,4,5,14,21.01,1994,3,347042.0
80,3,8,23,27.35,1980,2,168604.0
21,6,2,5,5.84,1999,0,155077.0
142,5,4,5,12.09,1975,0,324312.0
57,6,17,24,19.59,1972,2,207829.0
156,5,7,26,12.88,1983,3,431723.0
115,3,20,29,5.66,2018,3,335488.0
104,5,9,12,1.36,2009,3,335583.0
49,2,2,3,12.49,1972,3,160042.0
148,2,18,30,19.65,1996,3,346165.0
50,3,18,19,17.43,2017,3,197047.0
95,6,5,9,5.11,2021,3,325325.0
171,4,10,24,13.8,2009,1,358694.0
186,3,16,28,11.4,1968,3,424783.0
199,3,9,10,8.59,1975,3,470759.0
193,2,18,24,22.01,1974,0,363511.0
120,4,2,25,9.63,1969,2,331996.0
56,3,8,17,16.43,1971,1,187323.0
171,4,15,20,27.74,1980,0,348090.0
165,3,3,10,16.41,1996,0,364593.0
199,2,29,29,18.7,1985,0,401262.0
137,6,25,30,2.66,1987,3,443826.0
45,3,26,30,5.75,1975,3,232835.0
111,1,2,23,3.48,1969,0,252695.0
101,3,3,4,23.06,2024,2,270713.0
172,4,7,13,25.16,1998,2,379584.0
91,1,10,15,6.0,1974,2,233056.0
79,2,25,29,6.97,2012,2,238255.0
34,1,7,18,10.03,2013,3,168497.0
171,4,10,18,17.94,2022,2,396406.0
156,5,5,7,18.84,1970,2,363322.0
27,6,19,25,20.76,2001,2,119115.0
98,3,10,12,27.2,2023,1,258586.0
106,6,2,5,9.2,2012,3,341931.0
104,2,30,30,19.93,1974,1,235354.0
186,5,1,8,17.01,2018,3,489628.0
47,4,2,3,9.52,1987,2,190991.0
75,5,4,5,27.27,1991,2,237434.0
52,5,1,15,3.32,1996,3,220615.0
64,4,3,5,21.5,2010,2,243763.0
184,2,16,26,21.97,1967,2,396984.0
190,4,11,17,27.5,1995,2,414346.0
28,5,2,12,15.8,2013,2,187641.0
134,6,1,3,9.99,1995,1,329447.0
62,6,4,16,24.92,1977,2,194591.0
54,2,5,7,23.24,1963,3,178329.0
72,4,10,30,15.26,1995,2,192271.0
55,1,7,11,23.15,2005,3,172178.0
108,5,12,16,8.4,1995,3,344769.0
200,6,3,3,17.89,2023,1,500488.0
126,1,2,6,26.02,1999,0,196633.0
150,4,8,8,9.88,1993,1,385887.0
109,6,1,4,14.76,1963,3,306598.0
22,6,1,23,28.56,1996,3,138032.0
35,3,2,29,24.05,1970,2,92454.0
68,1,7,30,26.67,2007,3,160585.0
64,6,9,10,11.86,1970,0,201101.0
172,6,6,25,29.9,2018,2,386518.0
172,4,12,17,5.0,1979,2,434075.0
174,6,2,4,15.8,1988,2,412967.0
135,1,1,5,14.64,1969,2,266677.0
120,4,8,18,24.05,1973,1,254039.0
137,1,1,14,27.3,2019,2,293541.0
93,6,2,3,22.07,1978,2,255734.0
141,5,17,29,18.99,1993,3,373398.0
163,6,12,23,13.11,2023,0,407520.0
158,4,5,17,15.55,2000,1,381384.0
131,1,23,30,15.52,1962,1,260584.0
30,1,18,30,1.1,1983,0,87394.0
151,3,8,30,15.34,1985,1,334232.0
86,5,5,10,25.75,1977,1,219422.0
154,1,3,27,21.42,1975,1,268503.0
117,6,16,17,23.97,1992,1,276915.0
179,2,18,23,12.02,1984,2,385311.0
81,3,8,27,16.1,1979,2,216509.0
188,2,5,7,1.49,1986,1,402033.0
172,3,11,15,11.8,1982,3,425437.0
79,3,4,6,14.5,1974,1,168268.0
107,1,1,10,8.03,1989,2,233619.0
116,4,13,14,1.42,2021,0,304746.0
159,5,25,26,20.87,1992,0,345354.0
144,6,27,27,13.34,1998,1,345218.0
174,2,13,13,12.76,2023,1,374107.0
86,6,12,12,7.87,1999,1,267017.0
111,6,13,17,16.37,1974,0,264877.0
97,6,2,28,13.42,1985,1,276840.0
184,3,14,30,14.48,1991,2,404566.0
75,6,3,9,17.64,1990,2,270823.0
126,4,2,8,0.69,1969,0,312300.0
41,1,19,22,27.28,1966,1,63846.0
173,2,9,11,2.6,1982,2,405591.0
89,5,5,8,13.8,2019,2,281612.0
81,1,3,3,6.62,2006,3,265851.0
125,3,2,14,15.95,2014,1,284063.0
110,5,3,13,8.77,1971,2,320318.0
173,1,16,18,25.87,1986,3,363699.0
116,3,4,8,12.19,1997,1,306200.0
113,2,13,23,19.34,1988,3,305038.0
39,4,11,22,7.84,1987,1,164378.0
23,2,4,15,1.07,1983,1,113955.0
92,6,7,8,12.42,1963,2,284275.0
200,1,13,17,16.33,2015,2,423446.0
186,6,15,21,14.06,2020,2,499844.0
133,5,5,13,28.88,1965,0,266916.0
134,6,7,10,21.35,1986,0,298318.0
90,6,17,17,29.87,1993,3,259813.0
52,2,8,12,9.2,2010,3,180145.0
21,6,7,14,23.78,2024,3,178312.0
81,4,4,12,16.89,1987,2,217072.0
77,6,6,11,18.55,2008,3,292657.0
54,6,9,23,29.58,2020,1,155121.0
66,4,10,15,19.79,2013,0,178302.0
24,3,1,16,27.02,1978,0,75110.0
130,1,4,21,21.91,2013,1,228668.0
187,1,11,13,4.26,1986,1,434267.0
145,3,2,5,21.13,1961,3,323249.0
101,5,12,26,14.79,2009,1,282172.0
96,4,3,4,27.6,2014,2,256796.0
75,3,9,19,24.3,1982,1,187460.0
45,2,8,10,3.57,1989,2,179086.0
128,4,2,8,4.45,1983,2,359093.0
122,4,4,4,2.55,1967,0,300883.0
21,6,6,28,15.05,2024,1,184046.0
95,5,6,15,2.88,1961,0,262336.0
70,4,8,12,21.85,1996,3,259613.0
50,6,21,23,16.79,1960,2,209791.0
147,3,1,4,25.16,2004,3,312134.0
115,6,11,18,8.75,2018,3,416260.0
134,3,2,16,15.81,2001,0,277350.0
149,1,2,18,3.97,1999,2,378916.0
197,3,5,6,26.6,2013,0,383242.0
165,1,21,29,5.66,2023,3,430988.0
132,1,4,9,3.52,2016,3,335463.0
179,6,14,21,6.55,1975,2,464263.0
106,5,9,23,24.28,1996,3,292297.0
198,2,4,12,3.62,2013,3,505748.0
157,6,3,6,18.63,1979,3,410350.0
137,1,4,11,22.51,2003,0,272235.0
183,2,21,25,22.66,1961,0,297715.0
113,5,12,28,6.11,2017,3,358548.0
150,2,10,29,2.32,1999,1,361856.0
71,5,5,9,13.74,2008,1,228267.0
194,6,15,19,6.47,2013,0,478687.0
132,1,2,7,21.13,1974,2,264928.0
161,1,21,22,11.02,1989,3,377914.0
103,6,7,14,13.76,2015,3,355150.0
176,4,15,22,3.85,1970,2,386624.0
33,4,22,22,17.24,2013,2,172630.0
40,3,13,30,5.97,1978,2,163866.0
111,3,4,16,20.53,1997,1,236222.0
152,5,9,12,2.6,1993,2,413178.0
166,4,1,17,29.29,2004,3,404886.0
99,1,4,7,20.69,2014,1,232327.0
137,4,6,6,5.86,1982,1,334276.0
120,5,8,17,0.92,1971,2,359209.0
194,1,18,26,10.37,1987,2,434101.0
138,3,9,17,5.01,1999,0,318145.0
95,5,6,24,6.94,2008,1,271397.0
195,4,3,7,26.25,2008,2,413786.0
39,1,8,15,18.29,1982,2,131303.0
198,1,3,20,5.71,2020,2,445489.0
47,4,5,12,16.92,1965,3,160105.0
72,3,2,3,8.05,1967,2,182492.0
168,6,5,5,29.3,1961,2,388113.0
152,4,4,28,1.47,2020,1,381844.0
195,6,17,19,22.1,1971,1,434387.0
155,2,5,10,23.3,1999,3,372755.0
135,3,7,10,2.48,2012,1,319073.0
82,1,3,4,5.57,2009,2,230714.0
20,4,9,29,11.84,2021,0,112080.0
42,2,6,6,26.11,1963,0,77443.0
73,3,6,24,16.34,1986,0,193997.0
27,3,1,9,19.83,1992,0,57434.0
111,2,10,12,23.6,2005,2,267046.0
160,1,7,10,24.93,2000,2,345411.0
194,4,24,26,14.55,1996,2,447595.0
108,6,2,3,15.51,1979,1,282134.0
178,2,1,12,21.68,1966,2,369166.0
198,3,1,10,8.27,1988,0,419083.0
175,2,5,10,25.71,1976,1,345270.0
104,5,2,8,1.11,1996,0,297241.0
78,3,26,28,6.28,2011,0,202118.0
197,6,2,13,24.11,1995,0,433713.0
63,2,13,14,10.54,1997,0,181494.0
94,1,3,13,4.92,1962,1,219475.0
33,4,4,30,6.01,2001,2,150213.0
163,4,4,12,16.16,1988,2,379423.0
137,6,2,12,25.46,1968,1,314187.0
35,6,5,12,2.58,1973,0,141881.0
60,6,4,12,1.4,2010,0,219978.0
120,4,3,5,14.22,2019,2,296107.0
117,3,11,19,28.71,1993,3,292709.0
165,3,1,3,8.73,2023,1,388641.0
68,1,2,9,28.8,1971,0,72626.0
187,3,2,8,26.69,1979,1,372938.0
100,3,3,11,8.85,2020,0,249203.0
168,1,3,24,24.6,1971,0,302255.0
63,2,6,19,20.73,2002,1,149786.0
26,4,17,30,15.6,1974,3,138343.0
29,3,4,12,12.98,1981,2,118259.0
87,6,10,28,24.56,1991,3,262771.0
192,3,2,4,23.9,1983,1,383569.0
28,6,10,17,22.83,2016,1,147097.0
86,4,9,25,29.95,2023,1,209257.0
39,1,4,17,14.62,1992,0,84256.0
188,2,12,29,24.3,1994,1,366475.0
142,5,1,11,25.94,1963,1,349171.0
158,4,2,3,6.74,1975,1,354229.0
149,2,23,24,1.74,1962,0,312359.0
138,4,2,4,12.44,2015,2,414931.0
160,6,3,24,25.77,1974,3,398914.0
21,3,17,23,9.03,1982,3,124424.0
176,1,4,26,21.15,2014,0,349898.0
153,2,4,16,0.72,2006,0,329495.0
153,6,5,28,10.98,2000,3,440197.0
91,5,7,7,18.66,1962,3,261301.0
164,6,15,15,4.33,1996,2,432208.0
89,6,4,6,26.95,1996,1,262635.0
28,1,15,24,5.11,1980,2,137323.0
184,2,15,22,27.34,2008,2,400976.0
62,1,16,25,6.88,2020,3,228613.0
38,1,14,24,29.83,1976,2,80674.0
132,6,11,11,18.34,1981,0,318556.0
62,6,3,4,2.99,1980,2,269918.0
175,1,3,29,2.43,2014,3,430509.0
100,5,7,16,2.71,1965,1,314888.0
20,4,5,5,17.9,2018,0,112779.0
192,1,12,28,24.38,2010,0,360760.0
113,6,7,30,12.39,1991,3,349909.0
67,6,14,15,13.62,1997,1,229736.0
142,4,15,24,17.88,2018,2,334812.0
116,5,3,4,16.22,2010,3,334125.0
25,3,3,5,20.8,1977,0,73081.0
157,5,2,10,14.42,1963,0,331076.0
92,3,9,21,21.56,2002,3,262256.0
146,6,3,6,29.92,1969,2,335700.0
182,1,3,3,10.83,1965,0,358000.0
130,2,7,21,0.86,2023,2,360964.0
141,6,4,24,4.21,1990,0,361047.0
66,2,10,23,16.83,2002,3,183604.0
63,2,25,25,10.66,1974,3,240231.0
95,5,13,25,28.23,1966,3,253550.0
174,2,8,19,19.01,1964,1,342402.0
114,4,12,17,15.85,1983,1,270115.0
82,2,17,26,24.04,1960,3,195591.0
161,2,4,12,8.13,1987,2,398897.0
174,6,5,5,24.68,1981,2,428053.0
183,2,15,24,0.59,1994,0,406371.0
74,1,1,10,18.78,1998,2,181119.0
148,5,13,30,28.08,1980,2,351678.0
126,6,13,14,23.74,1989,1,308580.0
101,1,11,26,25.68,1965,3,220180.0
91,5,3,4,12.21,1979,0,237704.0
40,4,13,21,24.82,2023,2,151995.0
69,5,11,15,16.75,2024,3,263861.0
119,1,14,15,18.75,1991,2,268556.0
180,6,2,10,2.24,2021,0,455715.0
176,4,16,30,6.45,1992,2,421586.0
53,6,7,13,16.75,1968,2,210862.0
142,3,4,26,2.23,2016,2,359740.0
35,6,10,14,22.37,1986,1,134000.0
142,4,1,4,25.28,1999,2,317603.0
81,1,13,27,27.65,2002,1,145243.0
101,6,3,8,3.5,1980,2,335832.0
149,5,2,10,28.22,2007,2,332163.0
96,2,23,27,2.49,1992,2,262512.0
166,4,7,28,14.48,1983,3,431021.0
116,3,8,28,25.29,1979,3,270842.0
200,4,12,14,2.57,2008,3,503919.0
135,6,22,24,1.04,1976,3,388555.0
73,6,1,12,1.24,1968,3,299495.0
160,2,7,23,15.58,2017,0,347345.0
93,6,13,17,24.44,1981,1,256253.0
116,3,4,4,4.26,2001,2,325954.0
44,5,14,14,4.18,2006,1,199929.0
41,5,9,16,17.27,2014,2,175377.0
124,3,1,10,7.41,2000,0,272299.0
53,3,12,13,22.04,2006,0,156110.0
200,3,3,17,28.51,2014,2,434514.0
174,6,1,4,23.1,2021,3,428941.0
146,3,5,7,26.38,1963,1,287741.0
152,2,15,24,15.83,2008,1,327942.0
127,3,1,12,25.05,1971,2,256362.0
30,2,4,20,5.9,2017,1,139548.0
91,3,11,18,2.52,1963,0,217537.0
109,1,5,18,19.85,1976,2,218374.0
185,1,10,14,2.03,1972,3,402130.0
59,5,7,16,26.83,1999,2,160746.0
109,1,16,26,20.9,1960,3,240934.0
82,4,15,30,28.59,1961,2,199070.0
44,5,4,10,9.76,1992,3,197253.0
38,5,8,21,14.84,2023,0,164655.0
86,3,21,30,22.38,1994,0,188754.0
34,2,2,3,7.66,1988,0,117112.0
32,6,15,24,16.48,2002,3,193922.0
83,6,10,16,19.95,1995,2,244072.0
56,4,7,30,29.37,1985,0,126780.0
120,1,18,19,22.47,1998,3,258318.0
23,1,15,26,3.98,1960,1,103484.0
74,2,6,7,14.52,1975,2,178317.0
102,1,6,6,17.87,2003,0,219264.0
194,6,26,28,4.83,1982,0,448642.0
134,2,12,17,13.24,1963,1,304148.0
179,2,15,18,8.88,1968,0,340547.0
82,6,4,7,4.01,2016,2,286418.0
101,5,7,9,15.61,1981,0,251375.0
96,2,9,25,5.39,1961,0,235891.0
180,3,8,11,17.92,2007,2,435765.0
193,4,2,19,5.51,1994,1,444383.0
194,4,11,11,21.85,1989,2,460109.0
156,6,3,10,6.26,2018,2,422524.0
111,6,5,7,26.94,1980,3,322220.0
117,6,1,29,1.27,1997,3,361087.0
197,1,5,29,15.9,2008,0,389454.0
71,2,6,6,9.94,1999,2,168432.0
82,4,11,12,7.14,1973,2,230483.0
182,1,5,18,14.41,2004,2,399888.0
89,3,2,13,25.34,2008,3,219008.0
62,1,19,23,27.5,1967,0,105905.0
121,6,10,10,9.45,1970,1,336326.0
78,1,1,4,5.05,2003,3,231206.0
181,1,8,12,21.74,1967,3,357801.0
184,2,6,19,17.67,2017,0,361581.0
75,1,6,8,6.43,1967,1,163879.0
115,4,11,25,22.93,2023,1,279052.0
198,3,1,3,15.81,2003,0,404316.0
154,6,2,4,19.78,1988,0,338636.0
59,2,10,17,11.1,1977,2,208628.0
126,4,14,17,13.45,1982,2,308301.0
132,4,1,11,5.82,2008,2,381592.0
138,4,10,10,22.82,2008,1,295554.0
24,5,3,4,5.13,1973,3,179204.0
74,2,19,21,23.46,1995,2,210444.0
174,4,13,13,24.04,2024,3,441026.0
63,5,1,6,22.52,1976,1,167241.0
74,6,2,14,1.07,2005,0,259747.0
78,4,23,29,8.56,1971,1,233629.0
52,4,2,10,14.32,2014,2,187017.0
48,6,5,28,18.07,1971,1,181273.0
82,4,5,10,27.62,1979,3,258061.0
178,6,8,8,11.58,1989,0,416265.0
20,1,8,10,26.31,1984,2,75072.0
71,3,7,12,5.32,1971,1,214995.0
30,1,2,6,11.45,2001,0,58982.0
121,1,7,19,2.04,1961,2,298456.0
65,3,9,12,22.4,2023,3,196158.0
163,2,4,23,4.94,1963,2,361184.0
125,3,9,16,8.08,1981,0,320299.0
161,3,1,15,23.37,2020,0,323297.0
134,4,6,16,16.27,1970,1,290483.0
99,6,2,7,0.91,1964,2,332844.0
175,6,15,22,0.57,2008,1,439098.0
106,3,5,5,15.56,1964,1,231064.0
191,2,4,23,9.5,2018,3,477403.0
200,5,24,30,5.82,1989,0,454896.0
126,1,16,24,18.6,2016,0,226211.0
142,4,15,15,7.24,1975,0,334464.0
66,3,11,11,17.97,1969,3,195030.0
167,2,3,27,11.69,2022,1,400469.0
141,4,8,10,6.01,2009,0,327677.0
183,2,10,16,4.57,2019,1,435798.0
68,2,3,24,7.49,1980,3,252615.0
162,4,8,28,1.38,1986,2,398347.0
105,2,26,28,9.59,1997,0,239334.0
53,5,3,5,27.11,1989,0,142013.0
50,1,10,28,25.03,1975,0,68192.0
121,3,2,6,11.47,1984,3,324251.0
77,5,16,19,17.49,1999,0,204463.0
38,2,9,29,17.24,1962,1,98711.0
97,5,4,21,24.95,1981,1,235801.0
138,5,17,29,7.47,1979,2,369709.0
77,6,12,12,9.24,1964,2,260222.0
192,2,3,11,9.4,1967,3,421981.0
161,5,4,12,1.71,1992,1,395485.0
112,6,6,12,9.78,1966,1,298229.0
189,5,5,22,26.4,1982,1,397324.0
98,2,10,15,27.4,1996,0,177321.0
45,5,6,23,3.73,2016,2,228285.0
26,1,2,14,14.01,1966,2,60672.0
189,4,3,11,11.75,1988,1,406492.0
193,3,8,8,14.94,1966,3,429993.0
153,4,17,18,16.86,1987,0,314078.0
38,4,15,28,1.1,1991,3,242546.0
73,1,11,27,25.35,2011,2,177050.0
27,4,9,10,29.22,1988,0,76328.0
29,6,4,16,19.78,2020,2,162346.0
64,3,15,22,19.98,1968,3,195370.0
123,2,14,20,16.08,1963,1,237879.0
31,6,3,4,10.36,1960,1,146081.0
198,1,5,19,4.89,1983,3,432996.0
102,3,3,4,17.73,1972,0,207131.0
67,4,4,6,1.83,1965,0,147306.0
113,3,19,21,24.82,1975,2,239052.0
163,6,1,5,12.92,2023,3,471347.0
76,3,8,12,12.74,2012,2,247239.0
28,6,16,19,10.15,1961,0,155103.0
29,1,6,21,29.1,2019,2,116009.0
174,5,12,15,5.66,1973,1,426152.0
40,4,1,5,4.96,1986,3,192306.0
135,2,18,25,5.38,1981,2,313803.0
89,2,18,29,19.93,1986,1,222875.0
160,5,6,27,29.76,2009,2,370520.0
30,4,2,23,7.45,2006,2,214582.0
182,4,11,14,27.22,1998,2,391334.0
146,1,7,27,8.72,2000,1,356178.0
101,4,8,16,19.61,2007,2,269426.0
57,6,1,6,1.69,1971,0,225631.0
196,1,26,26,15.12,1985,1,425426.0
74,3,7,11,19.81,1966,1,155675.0
108,3,28,29,16.32,2005,2,276896.0
91,6,3,13,7.52,1988,3,294112.0
61,2,6,27,24.94,2001,3,158023.0
95,3,11,18,29.12,1996,1,218553.0
47,5,10,16,14.05,1977,2,182781.0
20,1,9,11,19.26,1969,0,38931.0
72,5,25,26,23.82,2023,1,227388.0
40,5,4,4,7.62,1979,2,152753.0
95,5,3,16,26.0,1967,2,263202.0
176,4,5,13,8.77,1979,3,429162.0
49,5,17,18,23.39,2018,1,181455.0
20,5,6,10,3.81,1976,3,187411.0
40,6,19,21,9.01,2024,3,263462.0
111,3,8,13,16.24,1989,2,275435.0
69,3,1,8,15.99,2016,0,137907.0
108,4,4,8,25.59,2002,1,250750.0
25,2,19,22,29.89,1962,3,93645.0
80,6,7,10,3.66,1993,2,267871.0
94,5,2,11,8.51,1987,3,305703.0
98,4,5,20,11.05,1973,3,281392.0
119,2,11,12,14.63,1995,0,226524.0
161,3,13,13,15.07,1966,3,390983.0
104,3,7,9,25.76,2005,1,222241.0
172,4,2,12,23.23,2013,3,403529.0
